A24a	A24a'	A24b	A24b'	A25	A29a	A29b	A29c	A30	A32	APir	Au1	AuD	AuV	cc/ec	CEnt	cg	Cl	CxA	DCl	DEn	df	dhc	DIEnt	DLEnt	DLO	DS	DTT	Ect	fmi	Fr3	FrA	IEn	Ins	LO	lo	LPtA	M1	M2	MEnt	MO	MPtA	PaS	Pir	PLCo	PMCo	Post	PRh	PrS	PtPR	RAPir	S1	S1BF	S1DZ	S1FL	S1HL	S1J	S1Sh	S1Tr	S1ULp	S2	STr	TeA	V1	V1B	V1M	V2L	V2ML	V2MM	VCl	VEn	VIEnt	VO	VTT
24.229046	27.216272	27.566427	24.153683	16.019445	15.58025	1.4806005	22.603724	12.836293	9.07248	5.426028	22.109266	23.189821	23.471916	22.711903	0.0	23.2355	16.307598	2.197629	18.724045	14.01594	20.894972	6.704388	5.1332674	7.5492635	0.0	21.142902	5.3291454	13.147775	19.603825	15.979045	0.0	10.915391	13.046836	3.9319842	6.250879	26.775385	21.634115	18.434793	0.0	0.6605497	26.185205	0.0	7.6342783	2.0903406	1.802456	1.4057863	10.510581	0.0	27.376364	1.9351737	21.936838	27.712513	25.195211	26.793865	25.4221	23.794537	23.1075	25.720524	25.939175	22.311388	0.0	11.780571	5.5995755	7.9560304	9.104295	8.666551	13.904962	6.6605725	16.213387	8.860044	1.5220951	0.8391241	1.6662704
24.032692	26.985487	27.551407	24.181055	16.016376	15.709743	1.4807957	22.588625	12.993492	9.005265	5.3817186	21.94921	23.046436	23.251328	22.746895	0.0	23.401924	15.970271	2.1347752	18.543438	14.064684	20.13331	6.670819	5.1457157	7.554258	0.0	21.01387	5.3581605	13.046801	19.463696	16.082561	0.0	10.974408	13.014895	3.8527994	6.0069475	26.779922	21.631237	18.429295	0.0	0.65046245	25.813951	0.0	7.523073	1.9801819	1.8849688	1.4062983	10.481067	0.0	27.192764	2.0019345	22.037748	27.639246	24.95584	26.69387	25.560135	23.82162	23.129972	25.570417	25.97279	22.304777	0.0	11.74644	5.628383	8.001667	9.014958	8.650385	13.853846	6.602719	16.446316	8.993236	1.5546739	0.82656735	1.8303041
23.965342	26.852455	27.536009	24.077133	15.961501	15.719603	1.5053635	22.619413	13.0097	9.04576	5.2504916	22.236713	23.117874	23.177969	22.75286	0.0	23.438274	16.066706	1.9523202	18.621614	13.832084	19.784687	6.633416	5.072635	7.5442805	0.0	21.045172	5.3447404	13.072687	19.608898	16.202852	0.0	10.929294	12.9922905	3.8658383	6.0307326	26.487175	21.64916	18.369991	0.0	0.6455242	26.046364	0.0	7.5420156	2.0047326	1.8450367	1.4108734	10.426106	0.0	26.916946	1.8255528	22.020857	27.666632	25.090267	26.759645	25.34958	23.770468	23.030914	25.489159	25.967007	22.267698	0.0	11.597426	5.597668	8.020675	9.064414	8.701103	13.959662	6.635063	16.217573	8.993914	1.5010363	0.82354796	1.8219401
24.031866	26.694153	27.546427	23.92295	15.988957	15.450041	1.4738475	22.421629	12.853265	9.078366	5.216151	22.220722	23.007093	23.322184	22.644464	0.0	23.304552	16.174746	2.2051075	18.661736	13.87818	20.078573	6.6243567	5.1061783	7.469664	0.0	20.880655	5.332321	13.105407	19.53111	16.095749	0.0	10.888895	13.027944	3.9158933	6.0078344	26.654375	21.672659	18.380348	0.0	0.6453826	25.804049	0.0	7.6379633	2.0743866	1.8704664	1.3977668	10.404501	0.0	27.082417	2.0646074	22.016964	27.570126	25.08989	26.619179	25.342484	23.804104	23.00186	25.458155	25.877132	22.203331	0.0	11.692759	5.6148915	7.96955	9.050098	8.6868105	13.733886	6.5283966	16.147139	8.937424	1.5386941	0.8240244	1.5578445
23.77378	26.538834	27.411316	23.857271	16.064661	15.627272	1.4661511	22.372047	12.754935	8.969424	5.4056983	21.973452	22.89567	23.245558	22.6484	0.0	23.150145	16.034756	2.1705365	18.639782	13.85924	20.111609	6.715844	5.07394	7.5729637	0.0	20.947493	5.3108454	13.106852	19.424673	15.992076	0.0	10.829348	13.098097	3.8745499	6.0189757	26.947504	21.560862	18.266754	0.0	0.6396532	25.858961	0.0	7.555353	2.1177657	1.9530689	1.4096397	10.515163	0.0	27.184832	2.1105223	21.866016	27.477037	25.032612	26.527637	25.368752	23.808907	23.03396	25.664581	25.878994	22.213018	0.0	11.6123905	5.6331925	8.025604	9.133625	8.67234	13.911874	6.623724	16.239794	8.90818	1.5601681	0.82579607	1.7188064
23.79359	26.747246	27.273405	23.830809	16.022293	15.516023	1.4780345	22.46789	12.651724	8.96457	5.3221073	21.887157	22.839012	23.237272	22.666996	0.0	23.270388	16.053118	2.0717225	18.593174	13.85483	20.341524	6.726647	5.0767164	7.5339026	0.0	20.785282	5.35045	12.9427395	19.422869	15.969115	0.0	10.740263	12.969839	3.8953311	6.0184975	26.852331	21.51262	18.297194	0.0	0.6497437	25.7464	0.0	7.5174522	1.9235288	1.8579451	1.3842684	10.381056	0.0	27.369669	1.9770633	21.841024	27.446554	24.968693	26.562376	25.275957	23.771568	22.92465	25.669853	25.653687	22.24994	0.0	11.586845	5.59972	7.929519	9.045177	8.611949	13.802292	6.5806403	15.980885	8.900275	1.5424019	0.81720394	1.7433199
23.823416	26.423098	27.17751	23.501663	15.796615	15.299622	1.4577731	22.104471	12.692046	8.97712	5.0972805	21.874846	22.782234	23.162493	22.57484	0.0	23.180979	15.869187	2.2193856	18.74111	13.920458	19.704672	6.6735964	5.0718555	7.4701138	0.0	20.842278	5.29567	12.881342	19.351233	15.965664	0.0	10.733082	12.975528	3.8492064	5.994186	26.444218	21.567791	18.202093	0.0	0.6424722	25.822996	0.0	7.547127	1.9677799	1.8284783	1.3930223	10.387186	0.0	27.311144	1.8325996	21.871426	27.36695	24.84121	26.58688	25.323856	23.774128	22.850876	25.495419	25.745165	22.135532	0.0	11.548399	5.6201277	7.9638267	9.074895	8.587375	13.631591	6.6202044	16.23756	8.821777	1.5230412	0.81746227	1.5830498
23.665201	26.170948	27.004972	23.373585	15.907233	15.491196	1.483146	22.177935	12.830552	9.019905	5.211907	21.983837	22.940243	23.019384	22.549158	0.0	23.010687	16.141926	2.1988032	18.73517	13.862642	20.194057	6.7066274	5.159122	7.4428406	0.0	20.933826	5.2130113	12.916681	19.522501	15.928365	0.0	10.897265	12.995981	3.8803391	5.99408	26.586958	21.485115	18.207714	0.0	0.6406138	25.844309	0.0	7.56276	1.9165772	1.868849	1.4144449	10.433767	0.0	26.782658	1.8646384	21.785563	27.331358	24.938206	26.383827	25.108116	23.809248	23.022684	25.295582	25.75192	22.005875	0.0	11.596774	5.5512905	7.923962	9.034669	8.577322	13.766906	6.6059113	16.253378	8.965474	1.5107956	0.8173883	1.5792682
23.571507	26.2852	27.062578	23.593567	15.922395	15.289403	1.4424875	21.978882	12.745879	8.871645	5.287547	21.74744	22.610582	22.83843	22.490839	0.0	23.098581	15.909704	2.0680437	18.684412	13.784075	20.069992	6.6304803	5.112982	7.526312	0.0	21.026789	5.310184	12.917993	19.390022	15.879997	0.0	10.762166	12.867318	3.8649495	5.863424	26.285734	21.418682	18.050375	0.0	0.6513185	25.646872	0.0	7.457277	1.9478023	1.8875095	1.4182509	10.262857	0.0	26.922548	1.9468839	21.66983	27.148468	24.763147	26.2612	25.00167	23.428375	22.751337	25.251694	25.524536	21.850773	0.0	11.596571	5.53172	7.870235	8.9778	8.571295	13.687091	6.596303	16.158144	8.771781	1.5137347	0.81524014	1.5830624
23.297653	26.197123	27.033686	23.772339	15.870122	15.330879	1.4708902	22.28414	12.795258	8.90671	5.1565304	21.747013	22.746359	22.942377	22.473606	0.0	23.270296	15.84226	2.0579667	18.555302	13.873327	20.337347	6.6666107	4.960135	7.411837	0.0	21.072521	5.237695	12.914337	19.222342	15.762239	0.0	10.631528	12.907455	3.8266144	5.827469	26.495424	21.339123	18.149542	0.0	0.6394252	25.604807	0.0	7.502935	1.9015449	1.8692644	1.4250729	10.291211	0.0	27.180725	1.9940412	21.590984	27.050186	24.775362	26.32251	24.841856	23.464619	22.761297	25.330032	25.424635	21.78673	0.0	11.512357	5.5533977	7.9180846	9.064489	8.487675	13.797508	6.4652333	16.033573	8.965462	1.480617	0.8145671	1.5729989
23.465858	26.160103	26.937244	23.279705	15.683869	15.260954	1.4714861	22.16327	12.782252	8.90792	5.4356027	21.813713	22.798014	23.026659	22.484846	0.0	23.066162	15.944735	2.132595	18.512638	13.782116	19.967447	6.6691895	5.025481	7.4280853	0.0	21.07295	5.2585716	12.899674	19.389572	16.057251	0.0	10.754366	12.976222	3.8552425	5.782212	26.40277	21.415005	18.13478	0.0	0.63547945	25.487946	0.0	7.5369534	2.0465248	1.9300019	1.4195439	10.243028	0.0	26.879667	2.175524	21.750662	27.208462	24.77037	26.461277	25.078348	23.756308	22.816896	25.282707	25.531595	21.856604	0.0	11.546514	5.487882	7.8810625	8.909394	8.53344	13.602341	6.5333247	16.199135	8.934301	1.5458161	0.82280517	1.6501662
23.52359	26.403225	26.984781	23.40909	15.982481	15.244593	1.463595	22.080141	12.760933	8.91124	5.1384473	21.894093	22.866642	22.892536	22.441292	0.0	22.996918	15.937406	2.1352854	18.690939	13.859314	20.414999	6.6035967	5.015692	7.5540695	0.0	20.822226	5.349312	12.927225	19.264488	15.948679	0.0	10.915796	12.885054	3.8512251	6.0492325	26.32052	21.450907	18.15414	0.0	0.64121014	25.69651	0.0	7.5092278	1.9672478	1.8651438	1.3847843	10.3653965	0.0	26.604776	1.863403	21.875298	27.248768	24.937424	26.474049	25.141245	23.929533	23.026917	25.352385	25.72416	22.094006	0.0	11.558868	5.4856896	7.934375	8.919295	8.607626	13.711518	6.6181936	16.050913	9.15731	1.5383168	0.81266344	1.6588488
23.86111	26.578497	27.19847	23.771282	16.153791	15.417987	1.4586103	22.238033	12.812323	8.874355	5.3540945	21.880444	22.906569	23.085976	22.501425	0.0	23.176601	16.082836	2.0891268	18.625467	13.815417	20.156696	6.667694	5.0519156	7.4508953	0.0	20.986662	5.309704	12.931625	19.31776	15.953973	0.0	10.843967	12.961845	3.8961494	5.9777865	26.42541	21.506306	18.298477	0.0	0.65280193	25.6753	0.0	7.514921	1.9438885	1.7671504	1.3866593	10.436452	0.0	26.799126	2.127703	21.954805	27.4367	24.908943	26.57734	25.196812	23.834213	23.338205	25.310541	25.818687	22.200945	0.0	11.614161	5.520128	7.819099	8.987934	8.5223875	13.817624	6.567543	15.792699	8.888174	1.4983753	0.8184612	1.5875401
24.082428	26.615387	27.61286	23.846361	16.083424	15.623941	1.49773	22.512571	12.914675	9.026741	5.321012	21.809711	22.963034	22.941536	22.545527	0.0	23.153776	16.019949	2.0593266	18.536972	13.853454	20.3202	6.6471324	5.1716633	7.5448337	0.0	20.9056	5.4026427	12.940692	19.307997	16.11822	0.0	10.663072	13.049966	3.8971262	5.9519067	26.332779	21.619417	18.371992	0.0	0.65069205	25.703968	0.0	7.516489	1.8853647	1.8416775	1.394726	10.39638	0.0	27.221954	2.0433536	21.933128	27.493681	25.006018	26.43236	25.343239	23.750452	22.915604	25.559399	25.873873	22.251106	0.0	11.627958	5.5816855	8.0091	9.0525675	8.621745	13.642928	6.531709	16.398087	8.714088	1.5292059	0.82450354	1.6436564
24.002666	26.99676	27.752405	23.799654	15.84029	15.630278	1.5054597	22.756178	12.959348	9.05377	5.207906	21.96931	22.986721	23.178997	22.578909	0.0	23.275812	16.108604	2.205393	18.747065	13.882413	19.852623	6.6221433	5.076581	7.5138407	0.0	20.996178	5.287314	12.957073	19.545547	16.147276	0.0	10.943369	13.071117	3.8970566	6.037711	26.548944	21.752815	18.390223	0.0	0.64600784	25.877403	0.0	7.5563784	2.0281143	1.7858663	1.4138637	10.363907	0.0	27.2439	2.0259356	21.948599	27.592194	25.123447	26.576328	25.471773	23.841536	23.10942	25.711489	26.005194	22.397078	0.0	11.734684	5.603672	7.9281106	9.061421	8.627891	13.941002	6.5283275	16.164127	8.794995	1.4848002	0.823592	1.8620641
24.147335	26.692902	27.751719	23.958378	16.07738	15.471224	1.4571637	22.620398	12.842002	9.1670475	5.296175	21.973255	23.071348	23.15136	22.687054	0.0	23.46184	16.304163	2.0681121	18.84818	13.934384	20.729273	6.6675034	5.1469445	7.484317	0.0	21.10993	5.406458	12.938984	19.583363	16.161287	0.0	10.840391	13.089884	3.9143026	6.046267	26.486841	21.786802	18.504074	0.0	0.6570415	25.962362	0.0	7.53334	1.947639	1.8616233	1.4301312	10.384362	0.0	27.158665	1.980363	22.090322	27.709545	25.167768	26.749056	25.42392	24.01812	23.145756	25.621096	26.075762	22.274971	0.0	11.631892	5.600403	7.9713764	9.060294	8.662489	13.79095	6.618856	16.283869	8.935727	1.5122765	0.82767916	1.8471639
24.108091	27.078772	27.866041	24.322199	16.055895	15.769213	1.4860756	22.80243	13.009793	9.099136	5.282145	22.130358	23.107954	23.400614	22.657553	0.0	23.313011	16.309752	2.2128682	18.89983	13.943553	20.236217	6.710498	5.0229063	7.5455923	0.0	21.034868	5.304463	13.011958	19.629759	16.268518	0.0	11.097224	13.167228	3.9120433	6.2029185	26.78842	21.754993	18.536797	0.0	0.65364146	25.928686	0.0	7.607203	1.964836	1.7739877	1.3887036	10.34163	0.0	27.290419	1.7213446	22.157581	27.776245	25.141155	26.757483	25.522581	24.357733	22.913324	25.917362	26.054049	22.382675	0.0	11.664432	5.6186967	7.944239	9.1692	8.627806	13.806163	6.53064	16.406084	9.01409	1.5213138	0.8280866	1.5016023
24.307514	27.121807	27.93578	23.948124	16.120527	15.8142	1.4962822	22.938017	13.076285	9.198375	5.2087836	22.080833	23.183659	23.277323	22.685545	0.0	23.384478	16.332918	1.989317	18.878326	14.098343	20.259764	6.760967	5.017687	7.4432282	0.0	21.022812	5.4341006	12.975784	19.480537	16.169445	0.0	10.975717	13.143615	3.9037797	6.1530037	26.861816	21.781294	18.53523	0.0	0.6580182	26.215654	0.0	7.5764236	1.8957624	1.7898737	1.4217091	10.317547	0.0	27.359623	1.8386453	22.072565	27.818008	25.273865	26.944237	25.42681	24.11532	23.531927	25.778334	26.083494	22.488482	0.0	11.683332	5.605629	7.978943	9.050029	8.627908	14.026599	6.658387	16.137812	8.911102	1.4711325	0.8280595	1.6396646
24.275148	27.098928	28.06582	24.227861	16.396788	15.6463	1.4977013	22.670343	12.910445	9.201663	5.265282	21.948656	22.943819	23.244991	22.68547	0.0	23.23094	16.31715	2.3130054	18.65334	13.931643	20.949385	6.682482	5.135432	7.478482	0.0	21.051924	5.372831	13.016752	19.560368	16.187176	0.0	11.130157	13.133366	3.9749854	6.010779	26.984646	21.843128	18.53524	0.0	0.6659688	26.054235	0.0	7.557785	1.9903909	1.8840715	1.437596	10.319568	0.0	27.18872	2.0082452	22.130455	27.76285	25.093569	26.717329	25.528435	23.980013	23.14993	25.806908	26.044437	22.347929	0.0	11.736905	5.5985317	7.941496	9.03232	8.65126	13.82797	6.7112155	16.080544	8.8690405	1.5400074	0.8309906	1.7895064
24.09822	27.19237	27.759027	24.062653	15.800379	15.611314	1.4893705	22.731989	12.954897	9.097225	5.4143457	22.303404	23.13297	23.349028	22.686583	0.0	23.09759	16.158792	2.2758603	18.682749	14.145687	20.828815	6.6999183	5.1917715	7.576844	0.0	21.080368	5.425151	13.145848	19.477848	16.013697	0.0	10.91977	13.145029	3.8925865	5.894127	26.767082	21.775017	18.50518	0.0	0.64551026	25.865484	0.0	7.6722994	2.0756028	1.8578277	1.4009354	10.478534	0.0	27.320538	1.9200221	22.035412	27.787842	25.312252	26.83114	25.469082	24.020462	23.106508	25.772778	26.122166	22.433414	0.0	11.646618	5.600497	7.915917	9.106513	8.651323	13.850644	6.558248	16.133547	9.037894	1.563227	0.82732594	1.7506502
24.16393	27.0953	27.693007	24.075733	16.213778	15.638686	1.4878438	22.73612	13.048553	9.081066	5.163033	22.097574	23.00767	23.285246	22.682528	0.0	23.311047	16.24803	2.2347815	19.06834	14.239336	20.346828	6.720029	5.1438503	7.558994	0.0	21.079844	5.4071064	13.112169	19.63542	16.102097	0.0	10.94038	13.070458	3.8834538	5.958238	26.61735	21.765848	18.483393	0.0	0.6573838	25.999956	0.0	7.5824265	1.9389211	1.86769	1.4141599	10.475524	0.0	27.34344	1.8268008	22.101988	27.735113	25.05219	26.57697	25.32996	24.011347	22.796375	25.509907	26.118109	22.373667	0.0	11.659855	5.6419554	7.9523606	9.206812	8.602354	13.901908	6.723759	16.493402	9.21265	1.4995738	0.83049864	1.8042058
23.985947	26.733818	27.793879	24.098772	16.417967	15.74058	1.4917104	22.772633	13.013381	9.100119	5.2944555	22.198845	23.127943	23.309114	22.681612	0.0	23.467913	16.148582	2.133785	19.069107	14.071834	20.074608	6.728586	5.120803	7.566602	0.0	20.990076	5.412675	13.064724	19.506516	16.290295	0.0	11.070157	13.154516	3.9360714	6.0658207	26.553467	21.729742	18.48322	0.0	0.664349	25.862822	0.0	7.5900936	2.0240326	1.7795589	1.4084005	10.380481	0.0	27.39808	1.9389505	22.180946	27.777887	25.4104	26.856861	25.399	24.173115	23.370588	25.763529	26.075155	22.375301	0.0	11.738213	5.616968	8.062551	9.135317	8.633377	13.933627	6.6117077	16.479364	9.094069	1.5605992	0.8207073	1.8965583
23.987139	26.878925	27.664375	23.972694	16.005877	15.582211	1.4702084	22.575209	12.86339	9.126881	5.3699427	22.199177	23.028751	23.309559	22.687712	0.0	23.36097	16.012814	2.2081482	18.522467	13.999468	19.985884	6.691197	5.1253934	7.5068073	0.0	21.020605	5.4645004	13.064783	19.53345	16.3156	0.0	11.038403	13.043894	3.9016917	5.82796	26.513924	21.763357	18.43261	0.0	0.6532022	25.867882	0.0	7.638312	2.1109283	1.7530186	1.4101756	10.473494	0.0	27.156427	1.997481	22.108006	27.858126	25.284384	26.917696	25.340351	24.144222	23.55327	25.62791	26.175194	22.340155	0.0	11.666401	5.583759	7.9759274	9.0589075	8.604446	13.737705	6.6815987	16.3458	9.017058	1.5546061	0.8148811	1.9773113
24.23416	26.937256	27.735611	24.171364	16.25453	15.770111	1.4855129	22.616838	12.886838	9.113676	5.094912	21.95224	22.961454	23.238249	22.610699	0.0	23.219728	16.201368	2.323069	18.41644	14.017787	19.645098	6.6747017	5.164718	7.5881486	0.0	21.120602	5.4904995	13.101932	19.470375	16.148783	0.0	10.936584	13.093899	3.9130437	5.9689016	26.850412	21.717455	18.493776	0.0	0.65651774	25.85423	0.0	7.6405764	1.9000356	1.750064	1.4202701	10.500284	0.0	27.215578	1.7990872	22.132504	27.711882	25.080175	26.8236	25.39732	24.045914	23.089432	25.841766	26.233578	22.397615	0.0	11.702491	5.6152368	7.9536376	9.046612	8.637813	13.799086	6.687988	16.296953	8.937426	1.5286218	0.8198324	1.7300843
24.150524	27.033495	27.741768	24.170044	16.080105	15.79463	1.5104219	22.631063	12.966515	9.107259	5.2961183	22.334202	23.204659	23.233149	22.65468	0.0	23.423378	16.279755	2.3823056	18.620573	14.068873	20.14732	6.682742	5.300882	7.5127425	0.0	20.973654	5.3922257	13.060402	19.620378	16.29908	0.0	10.922248	13.256618	3.9347293	6.046883	26.423965	21.835468	18.449764	0.0	0.65713507	26.031149	0.0	7.579143	1.9361504	1.8766185	1.4039544	10.452045	0.0	27.38569	1.7747017	22.200773	27.94379	25.32404	26.95491	25.543047	24.071243	23.298391	25.60366	26.248007	22.50142	0.0	11.789512	5.618347	7.9864216	9.054399	8.66687	13.853475	6.6938825	16.379572	8.998647	1.5185134	0.83176434	1.7509387
24.319075	27.052675	27.851555	23.98066	16.233065	15.891874	1.5116497	22.779875	12.872024	9.156626	5.259788	22.176174	23.234928	23.238443	22.736536	0.0	23.486195	16.192644	2.3117154	18.951828	14.172673	20.419735	6.7725143	5.2125616	7.6123857	0.0	21.178993	5.389534	13.145612	19.547752	16.264227	0.0	11.052323	13.142499	3.9708052	6.02618	26.703909	21.853125	18.500992	0.0	0.6648627	25.828915	0.0	7.630652	1.8696557	1.8493499	1.4117191	10.425998	0.0	27.105186	1.6810746	22.159334	27.900068	25.287909	26.951431	25.6371	24.003649	23.162107	25.667202	26.234184	22.45736	0.0	11.834972	5.5789633	7.9704213	9.047784	8.676233	13.870532	6.6204705	16.346338	9.148551	1.4895644	0.82411855	1.6193838
24.029732	26.966133	27.732525	24.098885	16.013212	15.917144	1.4929028	22.761875	12.980715	9.119664	5.2511168	22.078434	23.148882	23.260626	22.742842	0.0	23.3337	16.059933	2.1210854	18.875267	14.111824	20.19257	6.7398896	5.185136	7.6360426	0.0	21.141792	5.3198094	13.123682	19.446676	16.279415	0.0	10.942101	13.065708	3.9253538	5.955793	26.781418	21.826622	18.569063	0.0	0.65404636	26.115519	0.0	7.631133	1.943522	1.8650033	1.4059753	10.470579	0.0	27.317299	1.8505378	22.10514	27.938791	25.297321	26.84552	25.55462	24.018188	23.165142	25.834688	26.241808	22.396759	0.0	11.778443	5.614781	7.9866896	9.152571	8.706885	14.057416	6.5926023	16.088667	8.994898	1.5249633	0.8210504	1.6252217
24.028574	27.230022	27.68266	24.352833	16.115265	15.735152	1.4755281	22.831926	13.074339	9.072782	5.1894207	22.140247	23.172562	23.368608	22.72756	0.0	23.40513	16.154335	2.2574856	18.806599	14.004957	19.683203	6.6609406	5.1647882	7.5793033	0.0	21.052696	5.4450355	13.27646	19.508972	16.263409	0.0	11.062938	13.192326	3.950577	6.1473184	26.745712	21.804514	18.622042	0.0	0.65560025	26.058758	0.0	7.5618877	2.0158467	1.9234995	1.418819	10.497103	0.0	27.42679	1.9458469	22.216564	27.896086	25.336239	26.926788	25.587196	24.19305	23.10879	25.775171	26.2657	22.5179	0.0	11.802335	5.6651554	7.994359	9.173976	8.726037	13.846055	6.701596	16.449312	9.023842	1.5268868	0.83071333	1.8321395
24.100836	26.957747	27.8137	24.132809	15.92608	15.727574	1.4731221	22.588522	12.96112	9.129912	5.338642	22.144445	23.280636	23.31017	22.707985	0.0	23.431234	16.206718	2.207864	18.695042	14.12842	20.030312	6.690759	5.1779246	7.6004267	0.0	21.088182	5.345311	13.141644	19.54684	16.183464	0.0	10.83145	13.119237	3.9156632	6.032799	26.443079	21.796156	18.557497	0.0	0.65177196	26.083082	0.0	7.6420856	1.9713709	1.7210796	1.40161	10.492386	0.0	27.122332	1.97117	22.155205	27.963902	25.169355	26.788511	25.451628	24.151226	23.135015	25.634579	26.355413	22.480473	0.0	11.709809	5.6097393	8.068525	9.087665	8.7212515	13.757907	6.7748966	16.272701	8.909043	1.5221522	0.829682	1.7516882
24.041655	27.112373	27.86053	24.486176	15.977781	15.812475	1.5131602	22.909801	13.00401	9.125838	5.563608	22.147003	23.14412	23.38506	22.758762	0.0	23.43802	16.151337	2.2120197	18.621471	14.124391	19.933212	6.727034	5.180021	7.6285486	0.0	21.05128	5.4230065	13.153237	19.459936	16.271364	0.0	10.876661	13.059477	3.8863416	6.1289315	26.87323	21.788803	18.527845	0.0	0.649876	26.296085	0.0	7.6529384	2.0539207	1.8693221	1.4048777	10.508917	0.0	27.275312	1.9274825	22.135408	27.77228	25.19968	26.882036	25.53237	24.138962	23.197727	25.732712	26.226738	22.454155	0.0	11.829262	5.576998	7.9783263	9.075816	8.610578	13.983806	6.680316	16.145742	9.159867	1.5812525	0.8196965	1.5830171
24.16869	27.075531	27.864464	24.414618	16.245802	15.849404	1.5229818	22.835627	12.948711	9.154503	5.5604897	22.111332	23.335535	23.44355	22.710848	0.0	23.52708	16.091908	2.1852868	18.768082	13.904771	20.244486	6.7308745	5.17236	7.617069	0.0	21.126678	5.400757	13.061082	19.592915	16.097675	0.0	11.05929	13.074494	3.953115	6.0348735	26.919064	21.721983	18.454851	0.0	0.65856224	25.870544	0.0	7.600238	2.0517857	1.7891529	1.4317306	10.483067	0.0	27.312433	1.8404232	22.101757	27.84006	25.307714	26.947838	25.58126	24.14434	23.264101	25.832964	26.223577	22.44255	0.0	11.801292	5.5611014	8.007628	9.037799	8.6165285	13.852376	6.645878	16.377483	8.971326	1.6212013	0.8310407	1.6821424
24.080467	26.861086	27.944664	24.1649	16.20368	15.66884	1.4888439	22.567244	12.9887495	9.1368065	5.4384418	22.109644	23.151314	23.290348	22.712824	0.0	23.358755	16.145327	2.0968986	18.761347	14.039525	20.423813	6.7424407	5.195615	7.505406	0.0	21.024263	5.330582	13.0026045	19.509455	16.233839	0.0	10.906266	13.143639	3.9251578	5.979745	26.590414	21.712246	18.472092	0.0	0.6515838	25.82316	0.0	7.603018	1.9230074	1.6712312	1.4164956	10.435009	0.0	26.990583	1.7865958	22.19266	27.822947	25.012926	26.858215	25.371155	24.105438	22.974236	25.529182	26.122183	22.442577	0.0	11.691169	5.628401	7.9398603	9.174872	8.679224	13.879193	6.659421	16.448982	8.883901	1.5865073	0.82455534	1.6556016
24.327658	27.055079	28.075869	24.121502	15.785693	15.773303	1.5001442	22.736109	13.019814	9.151921	5.289431	22.186192	23.346308	23.190594	22.810663	0.0	23.517284	16.237644	2.1694338	18.737793	14.125348	20.616306	6.742879	5.171758	7.558224	0.0	21.126163	5.449585	13.20531	19.652275	16.255445	0.0	11.133316	13.155018	3.9294217	6.029767	26.921284	21.76091	18.617188	0.0	0.65036696	26.128277	0.0	7.620067	1.8608539	1.6884296	1.4457438	10.443311	0.0	27.082888	1.7825011	22.17396	27.886774	25.35257	26.923676	25.44259	24.124674	23.234959	25.861538	26.17226	22.44441	0.0	11.772382	5.599805	7.988404	9.087744	8.721953	13.965751	6.7123656	16.02301	9.107257	1.5599395	0.83067566	1.6357155
24.16172	27.006033	27.808315	24.125502	16.180052	15.5419655	1.4912213	22.956686	12.947248	9.173899	5.3528566	22.142435	23.314138	23.230747	22.761063	0.0	23.461212	16.146692	2.1825447	18.863506	14.051632	20.193354	6.682611	5.173134	7.529089	0.0	21.109524	5.4858727	13.14333	19.582315	16.28354	0.0	11.103975	13.170543	3.914995	6.0385575	26.931133	21.807453	18.56093	0.0	0.6581101	26.194754	0.0	7.5575523	1.9119185	1.754175	1.4363235	10.413042	0.0	27.412315	1.9867765	22.124645	27.78899	25.224617	26.937405	25.419086	24.11244	23.303888	25.735437	26.271952	22.366798	0.0	11.676849	5.6551147	7.9607577	9.01525	8.665139	13.782554	6.605304	16.232676	8.845481	1.588776	0.8322218	1.6066841
23.997042	26.796629	27.799503	24.029238	16.120115	15.863918	1.4903266	22.826998	13.024334	9.119931	5.1684856	22.360538	23.23734	23.380348	22.695698	0.0	23.29775	16.082676	2.3300161	18.714409	13.867671	19.540487	6.7034826	5.2324796	7.5910444	0.0	21.053787	5.373947	13.025675	19.434984	16.137747	0.0	10.830041	13.070879	3.9319074	6.028293	26.876719	21.750402	18.501173	0.0	0.6590928	26.039278	0.0	7.528132	1.9556878	1.7175748	1.4265271	10.506565	0.0	27.179945	1.8910459	22.120453	27.752964	25.244118	26.79789	25.508835	24.000158	23.188772	25.730452	26.168978	22.365358	0.0	11.841869	5.63292	7.9338245	9.145665	8.601712	14.04838	6.6334147	16.115265	8.986376	1.5778836	0.83061916	1.6988468
24.17596	27.066431	27.8373	24.17598	16.152447	15.815955	1.5029777	22.872246	13.024706	9.156819	5.277205	22.14499	23.161285	23.25205	22.694296	0.0	23.299019	16.161991	2.1764274	18.732414	14.11776	20.239416	6.728424	5.212702	7.5918612	0.0	20.978455	5.4307795	13.115303	19.444237	16.221653	0.0	10.869958	13.079286	3.8896909	6.120954	26.527987	21.77825	18.53546	0.0	0.66014284	26.067814	0.0	7.569988	1.9190519	1.6891209	1.411171	10.388289	0.0	27.266035	1.8578101	22.074387	27.880127	25.15211	26.732224	25.609867	23.944237	23.084204	25.854551	26.16348	22.318296	0.0	11.788004	5.60959	8.035896	9.145962	8.650485	13.855088	6.6651745	16.162853	9.124386	1.5711126	0.8179341	1.8046865
24.092413	27.045141	27.809366	24.012108	16.19746	15.843112	1.4882046	22.595541	12.965181	9.055507	5.212655	22.080408	23.145773	23.11575	22.70439	0.0	23.263742	16.158243	2.1230538	18.92664	13.9650345	20.797422	6.7288833	5.235426	7.59561	0.0	21.06464	5.3517	13.172515	19.457848	16.124954	0.0	10.649845	13.121631	3.9184618	6.1517267	26.701569	21.793428	18.518574	0.0	0.6481261	26.297539	0.0	7.520024	1.9550602	1.6987367	1.3842515	10.430718	0.0	27.228703	1.905135	22.082117	27.880901	25.271559	26.891079	25.545698	24.00806	23.297716	25.636572	26.12142	22.445002	0.0	11.753963	5.611308	8.01729	9.074622	8.679324	13.963589	6.707645	16.100567	8.985832	1.5780113	0.81862575	1.7583673
23.89647	26.968039	27.877516	23.97616	16.015167	15.665829	1.4902952	22.864904	13.055145	9.060826	5.3749022	22.247858	23.290413	23.317707	22.735712	0.0	23.388147	16.185144	2.214078	18.839085	13.994576	20.557253	6.751114	5.098463	7.4919524	0.0	21.071014	5.3305016	13.138075	19.574017	16.189058	0.0	10.80449	13.102394	3.9100041	5.874494	27.003368	21.730337	18.576796	0.0	0.6440055	26.295883	0.0	7.511421	2.0462923	1.7957939	1.4123286	10.436636	0.0	27.516338	2.0950344	22.168941	27.841425	25.408968	26.928278	25.536684	24.138634	23.557467	25.913645	26.13964	22.381624	0.0	11.834035	5.605567	7.968183	9.137379	8.596196	14.1055565	6.6766715	16.404457	8.866611	1.5134448	0.8268809	1.5482925
24.185015	26.871586	27.697485	24.045414	16.110144	15.69369	1.4978131	22.558796	12.891129	9.165487	5.4140525	22.459312	23.250046	23.430609	22.730625	0.0	23.314102	16.182644	2.1598496	18.739208	14.029508	20.12175	6.674241	5.042251	7.5673394	0.0	21.01011	5.3120246	13.074232	19.455013	16.154013	0.0	10.734616	13.106388	3.8923237	6.0947995	27.00256	21.803295	18.4757	0.0	0.6544945	25.901594	0.0	7.590055	1.9885746	1.7837801	1.4192659	10.482443	0.0	27.300007	1.9025413	22.144966	27.741222	25.311815	26.87996	25.570467	24.257463	23.474403	25.952925	26.241032	22.352222	0.0	11.806167	5.6167445	8.028234	9.057941	8.709442	13.714688	6.665194	16.256779	9.057098	1.530885	0.8158735	1.664739
24.183287	26.823751	27.746794	24.02622	15.89124	15.818512	1.5022312	22.530619	12.898478	9.103237	5.439246	22.223545	23.15497	23.38379	22.706396	0.0	23.398806	16.127337	2.0213635	18.895153	14.120725	19.753025	6.686695	5.080584	7.5610266	0.0	20.890442	5.2967367	13.169818	19.556917	16.152185	0.0	11.023559	13.20243	3.9306312	6.0080967	26.643839	21.843897	18.541697	0.0	0.6554425	26.180378	0.0	7.609069	1.9854925	1.727766	1.4028997	10.446163	0.0	27.261852	1.9667345	22.061853	27.9192	25.401302	26.860071	25.502815	24.019691	23.407549	25.80745	26.175648	22.445192	0.0	11.771441	5.5867724	8.00109	9.087687	8.598427	14.055316	6.6879563	16.346039	9.076071	1.5760581	0.82241875	1.7892544
24.315762	27.131405	27.883574	23.977283	16.29294	15.837373	1.479362	22.671068	12.946982	9.24095	5.2115536	22.210737	23.431553	23.526388	22.760422	0.0	23.469425	16.224234	1.9471624	18.840044	14.042943	19.692665	6.7011194	5.0984488	7.5620017	0.0	21.112892	5.3805304	13.139783	19.580877	16.26137	0.0	10.833581	13.10927	3.890016	5.992596	26.792427	21.836945	18.596361	0.0	0.6605027	25.967146	0.0	7.527181	1.9313297	1.8392389	1.4059755	10.383525	0.0	27.490662	1.868066	22.200258	28.014463	25.518599	26.974602	25.430294	24.324493	23.197483	25.992123	26.30948	22.381136	0.0	11.788633	5.6177754	7.8950186	9.087178	8.673611	14.036602	6.684574	16.121136	9.188436	1.5425671	0.82859826	1.7732489
24.171583	27.056145	27.887587	24.075968	16.363028	15.84057	1.4870504	22.775845	12.984891	9.069432	5.3307905	22.33646	23.430239	23.521193	22.8248	0.0	23.529879	16.289316	2.297774	19.091124	14.146698	20.070791	6.717447	5.257657	7.521387	0.0	20.96271	5.3889155	13.153075	19.655983	16.213152	0.0	11.02817	13.171092	3.9375434	6.0610485	26.741932	21.811903	18.5448	0.0	0.66325665	26.036713	0.0	7.5783267	1.8985782	1.7973249	1.4242429	10.456809	0.0	27.378948	1.8255339	22.144983	28.114676	25.311216	27.127447	25.700562	24.229073	23.540436	25.775751	26.27861	22.390163	0.0	11.837099	5.673047	8.005767	9.129318	8.658241	13.866412	6.720165	16.410929	9.08305	1.5514762	0.8285343	1.820883
23.99283	27.101023	27.902546	24.04434	16.08684	15.850596	1.5152739	22.845179	13.112527	9.209218	5.3179517	22.226551	23.26691	23.416775	22.806904	0.0	23.593975	16.370138	2.3232088	19.04546	14.1155405	20.33249	6.728861	5.134833	7.5944304	0.0	21.14411	5.4407296	13.2693405	19.701443	16.339748	0.0	11.070759	13.124951	3.9462483	5.9482274	26.821035	21.75738	18.552073	0.0	0.6481502	26.275738	0.0	7.546186	1.8560026	1.8184845	1.4165763	10.523608	0.0	27.265873	1.7900227	22.317793	28.044563	25.400148	26.994041	25.596153	24.234888	23.543974	25.815649	26.323126	22.446426	0.0	11.8695545	5.6316423	8.042306	9.089094	8.681037	14.143776	6.6730623	16.448608	9.291014	1.5459126	0.83224326	1.7347848
24.170696	27.168516	27.716248	24.011276	16.196577	15.770756	1.493862	22.564688	12.912972	9.24259	5.345467	22.2926	23.19286	23.51689	22.742146	0.0	23.565342	16.289799	2.0628967	18.805223	14.182184	19.921085	6.7051187	5.204247	7.6153812	0.0	21.052786	5.445984	13.072618	19.648586	16.282862	0.0	11.003835	13.10101	3.9062479	5.902186	26.695465	21.749477	18.546934	0.0	0.6580798	26.006248	0.0	7.5736804	1.8819735	1.8511611	1.3946284	10.483808	0.0	27.245253	2.003082	22.170483	27.806337	25.38426	26.870771	25.64655	24.150484	23.035913	25.729147	26.215357	22.420103	0.0	11.8684025	5.634384	8.040781	9.167259	8.7094	14.0091915	6.579567	16.395378	9.410993	1.5673404	0.83763385	1.8566506
24.39534	27.144747	27.88394	23.898012	16.234274	15.832194	1.5078664	22.809515	12.899029	9.197561	5.2287264	22.088917	22.981373	23.45599	22.760826	0.0	23.450447	16.020155	2.2371793	18.73228	14.084828	20.296177	6.6655226	5.1940236	7.4983683	0.0	21.073994	5.5081344	13.204083	19.551403	16.09661	0.0	10.776642	13.087373	3.8676817	6.0013185	27.108978	21.758646	18.460629	0.0	0.6649113	25.922754	0.0	7.501156	1.865503	1.7656382	1.3870375	10.457142	0.0	27.293926	1.981472	22.01564	27.941084	25.106096	26.824888	25.643452	23.959309	23.110876	25.948765	26.20859	22.429281	0.0	11.877615	5.615625	7.981125	9.108457	8.665839	13.994593	6.667318	16.170462	8.934597	1.5858178	0.8295461	1.8074664
24.115784	27.012339	27.961273	23.988575	16.083998	16.0428	1.4984477	22.65044	12.938149	9.22485	5.3998756	22.132957	23.203993	23.39517	22.72969	0.0	23.498213	16.068033	2.2599716	18.85996	14.012673	20.239628	6.7480526	5.210413	7.5445666	0.0	20.998886	5.37943	13.158562	19.676527	16.188784	0.0	11.1016865	13.090049	3.8936923	6.06352	27.129198	21.748028	18.514761	0.0	0.6502844	25.970793	0.0	7.5450373	1.8953722	1.7650266	1.4103011	10.42137	0.0	27.467718	1.8476033	22.148214	27.880104	25.15206	26.859594	25.419708	24.12239	23.192204	25.919542	26.169186	22.4016	0.0	11.779455	5.616394	7.855726	9.124577	8.679844	13.865041	6.6390204	16.351942	9.084197	1.6279278	0.8322449	1.6843776
23.992807	26.844854	27.774517	24.109076	16.270243	15.7652	1.492069	22.668198	12.90204	9.142475	5.29537	22.269735	23.134	23.222021	22.789637	0.0	23.41264	16.058878	2.293525	18.873758	14.158791	20.138338	6.710155	5.154974	7.4039836	0.0	21.032927	5.421902	13.168699	19.549274	16.216143	0.0	10.862121	13.080621	3.8887644	5.8896656	26.950724	21.748426	18.490364	0.0	0.66844213	26.019718	0.0	7.5066547	1.8959796	1.7923591	1.4011838	10.453622	0.0	27.532513	1.8847494	22.083946	27.823063	25.061125	26.821766	25.430124	24.095612	23.057758	25.676373	26.280409	22.372686	0.0	11.698229	5.6877565	8.005742	9.100422	8.654152	14.02351	6.6398063	16.185947	9.024343	1.5458218	0.8284744	1.6829649
24.208546	27.084013	27.652979	23.796074	16.314665	15.791882	1.4853103	22.534258	12.887224	9.09464	5.213503	22.225965	22.953194	23.31017	22.651651	0.0	23.323772	16.208036	2.0028148	18.533222	14.027416	20.055222	6.698695	5.184429	7.54499	0.0	20.846418	5.507878	13.09093	19.496265	16.310726	0.0	10.8719635	13.102433	3.915197	6.02314	26.517982	21.786459	18.517714	0.0	0.6596165	25.74009	0.0	7.5206914	1.87314	1.7436417	1.4052815	10.313807	0.0	27.024693	1.9715127	22.15493	27.785332	25.340828	26.862873	25.53303	24.01269	23.260485	25.384808	26.114397	22.41474	0.0	11.796209	5.6133533	7.956783	9.035773	8.651424	13.728101	6.652297	16.063927	8.989544	1.4920609	0.8201619	1.9850703
23.970423	26.674898	27.611433	23.917942	16.133436	15.7680645	1.4921346	22.502611	12.840945	9.21291	5.3479304	22.086592	23.080025	23.223356	22.649487	0.0	23.316387	16.131374	2.3188381	19.015013	13.855971	19.786596	6.65204	5.139716	7.543939	0.0	21.023933	5.4368515	13.03876	19.555199	16.1416	0.0	10.987986	13.062998	3.8863196	5.9146533	26.728783	21.708277	18.473726	0.0	0.653474	26.124195	0.0	7.469485	2.0346537	1.8147385	1.3924363	10.33224	0.0	26.956465	1.9923066	22.088715	27.830582	25.20329	26.846973	25.409071	24.128212	23.075296	25.426414	26.134928	22.381264	0.0	11.7704935	5.5990624	7.9567747	9.017042	8.633671	13.911369	6.619409	16.29237	8.962244	1.5752677	0.82403314	1.7600709
23.879822	26.59149	27.595219	23.823153	16.259537	15.909799	1.5074353	22.569466	12.890277	8.999577	5.252055	22.136036	23.1171	23.40615	22.709713	0.0	23.17641	16.205702	2.2677674	18.680777	13.993923	20.024364	6.6576123	5.1775694	7.6076217	0.0	20.986334	5.4740877	13.224726	19.672958	16.042889	0.0	10.979771	13.06299	3.9739976	5.9368205	26.957342	21.655125	18.338474	0.0	0.66440505	26.055855	0.0	7.5351954	1.8699889	1.7694418	1.393169	10.503697	0.0	27.518532	1.8341626	22.004744	27.863316	25.336151	26.92765	25.69723	24.014444	23.512878	26.095694	26.200974	22.379343	0.0	11.692343	5.6370463	7.931177	9.106654	8.6161785	13.955023	6.657624	16.511345	8.987809	1.5687276	0.8292614	1.7652466
23.928045	26.719986	27.478302	23.81291	15.885395	15.771611	1.4812418	22.540668	12.817861	9.08896	5.204832	22.157639	23.072468	23.333242	22.684978	0.0	23.216204	16.201813	2.237508	18.568495	13.926868	20.180336	6.685909	5.0444317	7.620661	0.0	21.083712	5.4079275	13.043409	19.727968	16.121447	0.0	10.896329	13.059547	3.9231634	5.996852	26.839672	21.721386	18.385603	0.0	0.6507694	25.79122	0.0	7.5133667	1.8954188	1.7484645	1.4110597	10.547534	0.0	27.166796	1.7597247	22.133831	27.713404	25.05564	26.774363	25.387587	23.981096	23.138693	25.679071	26.142733	22.424955	0.0	11.573727	5.662897	7.980623	9.221238	8.706396	14.009182	6.708848	16.100082	8.922072	1.4567951	0.8287373	1.9435878
23.851963	26.44585	27.249647	23.570784	16.021757	15.518315	1.4648312	22.555922	12.949393	8.97917	5.3766294	22.197218	23.011944	23.134035	22.659286	0.0	23.16826	16.088387	2.2040024	18.648827	13.898249	19.987484	6.6753607	5.111538	7.5529137	0.0	20.96919	5.3352637	13.038284	19.391392	16.289913	0.0	10.666978	13.009196	3.939261	5.892329	26.581469	21.734247	18.300283	0.0	0.6458808	25.992998	0.0	7.536859	1.9980447	1.7789788	1.4025282	10.326721	0.0	27.332787	1.7207415	22.002724	27.752079	25.178738	26.802933	25.350744	23.868319	23.179028	25.644186	26.075306	22.261456	0.0	11.67906	5.62242	7.9488573	9.053292	8.616077	14.036008	6.617611	16.246466	8.862778	1.5417744	0.8266878	1.7234029
23.799856	26.60109	27.356846	23.63752	16.18141	15.666412	1.512326	22.519152	12.8985195	9.062857	5.2514477	22.060211	22.992725	23.246758	22.616524	0.0	23.259495	15.959213	2.2039611	18.628471	13.836119	20.246237	6.6734233	5.099362	7.562113	0.0	21.06363	5.3505187	13.031566	19.595413	16.187082	0.0	10.666888	13.001514	3.9464774	6.2251964	26.708204	21.598927	18.245384	0.0	0.6439303	25.821047	0.0	7.531088	2.1680183	1.8737583	1.4021508	10.418772	0.0	27.38629	1.8693038	21.960136	27.689096	25.018461	26.76616	25.44103	23.695175	23.106358	25.660378	25.965767	22.15964	0.0	11.693789	5.627754	7.9446316	8.970966	8.654147	13.926508	6.694744	15.836055	8.989475	1.5733811	0.82591486	1.5903888
24.022148	26.722595	27.49444	23.991152	16.19389	15.613937	1.4654396	22.448849	12.846515	9.047973	5.275795	22.007568	22.957455	23.122103	22.61529	0.0	23.225548	16.116898	2.1429374	18.772364	13.950184	20.469687	6.6451755	5.140046	7.5847487	0.0	20.889435	5.3685455	13.022921	19.333235	16.083221	0.0	10.750264	12.991808	3.917766	5.9153438	26.529549	21.638664	18.362358	0.0	0.66599935	25.66025	0.0	7.4895215	2.0631163	1.8539062	1.3660439	10.459238	0.0	27.01556	1.9362303	22.027884	27.634144	24.99072	26.780502	25.466074	23.967714	23.03784	25.550528	25.983774	22.161427	0.0	11.630494	5.534619	7.9454746	8.975296	8.611699	13.701969	6.6327252	16.06443	8.951468	1.5730965	0.8116806	1.6127853
24.09895	26.769543	27.763971	23.636316	16.173656	15.720767	1.4679377	22.605816	13.06684	9.114419	5.354261	22.064228	23.048845	23.39147	22.682392	0.0	23.304924	16.19952	2.1949158	18.654013	14.040705	20.043734	6.6785917	5.138349	7.488214	0.0	21.162783	5.3474946	13.04466	19.534893	16.114594	0.0	10.858595	13.000124	3.9017622	5.9010115	26.711315	21.716656	18.455414	0.0	0.6623305	26.047468	0.0	7.490754	1.9052527	1.8423387	1.4074627	10.262568	0.0	27.257278	1.9177716	22.142488	27.867891	25.147358	26.862883	25.48874	24.165838	23.287413	25.659918	26.1509	22.282993	0.0	11.7441025	5.576445	7.9103394	9.095534	8.657536	13.943018	6.5732217	16.195976	8.711058	1.5412624	0.8218403	1.5311109
24.172615	27.03663	27.853212	24.13166	15.993757	15.774297	1.5015308	22.655928	13.0238905	9.111146	5.193921	22.262672	23.20822	23.529501	22.721706	0.0	23.57297	16.078026	2.2975018	18.403366	13.893112	19.689592	6.7562547	5.1771293	7.48336	0.0	21.125366	5.410322	13.186178	19.523212	16.13082	0.0	10.999858	12.991965	3.8996592	6.128522	26.780155	21.720062	18.510757	0.0	0.6537602	26.401861	0.0	7.5190134	2.066346	1.8714166	1.4258941	10.339456	0.0	27.178268	2.0184598	22.050356	27.8649	25.237074	26.761524	25.53829	24.0419	22.820223	25.78192	26.264338	22.231535	0.0	11.755315	5.6033034	7.947228	9.052554	8.6448765	13.953733	6.7097116	16.266783	8.833457	1.5249273	0.8408271	1.6837276
24.412699	27.230436	27.846922	24.215946	16.285482	15.908928	1.5108459	22.961365	13.13025	9.137067	5.292797	22.077814	23.148085	23.409945	22.664343	0.0	23.419668	16.135752	2.2676353	18.357586	13.938605	19.644293	6.670995	5.101237	7.3862596	0.0	20.960472	5.4237704	13.091932	19.508963	16.24032	0.0	11.062549	12.926152	3.9178631	6.0165024	26.83662	21.798597	18.602695	0.0	0.6661283	26.140434	0.0	7.5698256	1.9669594	1.8008803	1.4357885	10.39644	0.0	27.25212	1.9334894	22.143492	27.838154	24.957449	26.797585	25.580328	23.956736	23.032663	25.816687	26.1428	22.275187	0.0	11.724804	5.630589	7.944721	9.062181	8.686911	13.770461	6.624194	16.278515	8.917832	1.587103	0.82464916	1.6821322
24.35314	27.366407	28.051937	24.032019	16.277248	15.935651	1.5064149	22.912832	13.027164	9.238282	5.215853	22.169811	23.025978	23.359585	22.724104	0.0	23.48467	16.120308	2.3878515	18.957228	14.031879	20.557352	6.7296686	5.1297965	7.534485	0.0	21.16809	5.4783726	13.129654	19.483307	16.247856	0.0	10.965541	13.174822	3.9384484	6.0457044	26.809261	21.884912	18.5473	0.0	0.66438544	26.174522	0.0	7.499254	2.0140345	1.8195246	1.4315886	10.432705	0.0	27.25065	1.8773956	22.097795	27.867521	25.225603	26.8248	25.578892	24.185772	23.07106	25.703157	26.063942	22.299685	0.0	11.748971	5.6138473	7.963525	8.993266	8.686501	13.952374	6.761655	16.336462	9.062611	1.5917823	0.8139601	1.6769624
24.496187	27.376354	28.177824	24.537132	16.186087	15.97485	1.4819828	23.078035	13.1684885	9.282996	5.2088284	21.991383	23.109089	23.230104	22.775393	0.0	23.618195	16.344273	2.2479093	18.800776	14.058524	20.210703	6.731144	5.1766753	7.526651	0.0	21.115252	5.3855147	13.136626	19.63386	16.146065	0.0	11.116051	13.068821	3.9621098	6.1442804	26.924006	21.824064	18.587751	0.0	0.6545337	26.255337	0.0	7.517001	1.9280065	1.9213574	1.4053308	10.447631	0.0	27.385012	1.7737126	22.155651	27.834583	24.914297	26.789942	25.522476	24.115686	22.956854	25.785976	26.18823	22.4078	0.0	11.808703	5.6311936	8.0441265	9.023138	8.676618	13.961635	6.7340155	16.304693	8.944999	1.5355959	0.8289353	1.8454319
24.412687	27.427237	28.099777	24.639893	16.032942	15.928735	1.5034132	23.077589	13.17231	9.267494	5.310213	22.071772	23.235558	23.219006	22.772366	0.0	23.555067	16.164824	2.1901357	18.934275	13.965734	20.067303	6.702175	5.2191987	7.596172	0.0	21.367174	5.3853273	13.157854	19.487902	16.192091	0.0	10.97636	13.140219	3.9444687	5.882163	27.208658	21.803442	18.71906	0.0	0.65463376	26.362492	0.0	7.546825	1.8307343	1.7781514	1.4268911	10.510824	0.0	27.42442	1.935416	22.141972	27.847143	25.274313	26.96325	25.79486	24.063843	23.492636	26.019947	26.211275	22.389544	0.0	11.77683	5.611014	8.0193205	9.017561	8.68832	14.1124115	6.743082	16.31137	9.098341	1.5487084	0.8204517	1.733384
24.328592	27.436228	28.07452	24.51087	16.098396	15.93566	1.5020034	22.88756	13.1321535	9.1809025	5.319596	22.155767	23.355602	23.445993	22.747482	0.0	23.38021	16.165134	2.307204	18.706198	13.969101	20.069096	6.701223	5.1178217	7.61805	0.0	21.075136	5.494968	13.1319065	19.539038	16.107838	0.0	10.992643	13.075107	3.9464371	5.946282	26.915663	21.826746	18.634102	0.0	0.65835476	26.238295	0.0	7.563898	2.0772655	1.7377106	1.4005198	10.499997	0.0	27.401741	2.0407639	22.165983	27.908394	25.225811	26.936861	25.751389	24.004278	23.144043	25.922789	26.214628	22.378345	0.0	11.7950535	5.6288886	7.9462886	9.035528	8.664728	13.924973	6.663944	16.25914	8.925609	1.5810673	0.8231174	1.679029
24.362473	27.320404	28.079226	24.282568	16.078182	16.066727	1.4593906	22.908117	13.082021	9.267854	5.3627405	22.22649	23.289078	23.263098	22.701836	0.0	23.350094	16.163153	2.3700192	18.74021	13.961401	20.464794	6.734117	5.1776023	7.517899	0.0	21.169739	5.3855	13.088098	19.647272	16.119446	0.0	10.726259	13.112435	3.9278867	5.926796	27.084257	21.836666	18.630938	0.0	0.6493689	26.11459	0.0	7.443373	2.0457358	1.924507	1.4011755	10.450475	0.0	27.553776	1.8736264	22.112652	27.836613	25.087637	27.009295	25.781189	23.965994	22.86459	25.984312	26.14532	22.428473	0.0	11.768754	5.626706	7.879249	8.99201	8.595066	13.893398	6.6973977	16.236732	8.861995	1.5461446	0.8206642	1.7423754
24.282177	27.012777	27.786823	24.485512	16.21371	16.063889	1.4921232	22.846348	13.106714	9.203598	5.2492275	22.347057	23.139793	23.341139	22.74275	0.0	23.51893	16.46165	2.101543	18.584024	13.994619	20.459846	6.7840824	5.1072354	7.5361557	0.0	21.209738	5.3505116	13.0879755	19.73571	16.176882	0.0	10.771178	13.115436	3.9831836	6.17152	26.830833	21.780357	18.548187	0.0	0.64927435	26.186728	0.0	7.475723	1.9910848	1.8767715	1.4273243	10.315882	0.0	27.5763	1.6872098	22.03336	27.76708	24.946756	26.827944	25.716196	23.997198	23.061638	26.06268	26.042494	22.29983	0.0	11.798775	5.6627755	8.056234	9.119579	8.662847	14.039604	6.742311	16.229084	8.996553	1.5203114	0.8344712	1.8508843
24.450914	27.35295	27.849102	24.065355	16.197763	16.12717	1.5066795	22.685926	12.960883	9.237748	5.195598	22.221994	22.969091	23.431011	22.721123	0.0	23.501703	15.965047	2.0479808	18.547842	13.970463	19.849089	6.721061	5.0985813	7.4844236	0.0	21.217634	5.497098	13.04753	19.60269	16.043365	0.0	10.90244	12.99882	3.9098835	6.0127	26.881119	21.738995	18.527925	0.0	0.65879065	26.345428	0.0	7.435465	1.9779105	1.8970851	1.4220196	10.342895	0.0	27.447199	1.7098433	21.937256	27.746504	25.013521	26.903692	25.651976	23.801027	23.173992	25.84933	25.989902	22.254883	0.0	11.736231	5.6269135	8.0094185	9.02052	8.578806	14.106244	6.7229104	16.24158	8.87646	1.5354292	0.8279847	1.6781194
24.210669	27.093494	27.9534	24.188387	15.970041	15.889066	1.5270109	22.722036	13.116526	9.117012	5.3200274	22.025206	22.907736	23.042725	22.637508	0.0	23.270754	16.163656	2.1498277	18.743454	13.974959	19.936388	6.6656504	5.057165	7.5323	0.0	21.120928	5.368143	12.929776	19.60384	16.12405	0.0	10.835518	13.021558	3.9457555	6.0237308	26.804995	21.73043	18.481577	0.0	0.6617676	26.07433	0.0	7.5966506	1.9743468	1.7767082	1.4181856	10.290685	0.0	27.307663	1.8499082	22.054522	27.774761	25.058828	26.857988	25.546505	24.10206	22.962997	25.745613	26.01312	22.23143	0.0	11.6747	5.6250925	8.014588	9.054332	8.619667	13.969646	6.683344	16.067595	8.972355	1.5566081	0.82718813	1.6577574
24.044168	26.860239	27.871712	24.08052	16.098253	15.818943	1.5226119	22.714165	12.949315	9.118638	5.315769	22.149422	23.099905	23.202953	22.651316	0.0	23.323526	16.114904	2.4005718	18.462675	13.822312	19.900652	6.6058316	5.117528	7.5061283	0.0	21.154076	5.3858447	13.03663	19.487167	16.13136	0.0	10.799484	13.041961	3.93592	6.013697	26.814034	21.808578	18.460257	0.0	0.6532755	26.32438	0.0	7.5009527	1.8620912	1.8804296	1.4107217	10.366097	0.0	27.25874	1.7677913	22.026175	27.750576	25.373459	26.83591	25.622217	23.998386	23.57304	25.786352	26.02031	22.277588	0.0	11.720777	5.640823	7.886706	9.093913	8.647321	13.746808	6.6815205	15.966307	8.730026	1.6014122	0.8225807	1.9226234
24.043055	27.152956	27.852896	24.04685	15.972532	15.884677	1.5030776	22.817028	13.005109	9.1523285	5.2356687	22.291008	23.127645	23.250307	22.662268	0.0	23.469795	16.12859	2.20714	18.519033	13.770186	20.25902	6.650918	5.0916114	7.5228453	0.0	20.991673	5.3082285	13.1184225	19.486115	16.09773	0.0	10.764516	13.051522	3.9134417	5.8448615	26.935493	21.766327	18.486258	0.0	0.6503312	26.293839	0.0	7.4758677	1.8750654	1.7966187	1.4231743	10.457997	0.0	27.495844	1.8471344	22.03249	27.791243	25.249233	26.768793	25.603329	23.93528	23.409477	25.864841	25.962103	22.276056	0.0	11.7311	5.632127	7.969184	8.9323225	8.649602	13.8404875	6.6966906	16.169641	8.699654	1.6036291	0.82481617	1.7995669
24.143473	27.016916	27.724024	24.080725	15.71706	15.834137	1.4536566	22.60633	12.993226	9.199005	5.261985	22.025234	22.91589	23.265034	22.70698	0.0	23.504858	16.218624	2.303022	18.755203	14.036051	20.451357	6.706401	5.0925403	7.574068	0.0	21.1109	5.284832	13.099438	19.433876	16.114656	0.0	10.744831	13.012294	3.9240944	6.1250563	27.01478	21.828632	18.453508	0.0	0.6447348	26.139538	0.0	7.6333256	1.9912694	1.8216578	1.4258366	10.436122	0.0	27.67338	1.837999	22.069141	27.828442	25.161919	26.95944	25.862108	23.956417	22.977028	26.1254	26.19293	22.354925	0.0	11.674559	5.6365056	7.9661303	9.112002	8.5784855	13.918231	6.683503	16.147621	9.146168	1.5898674	0.82196134	1.8476821
24.130182	26.769245	27.661064	24.096537	16.21803	15.779584	1.4692855	22.849525	12.974667	9.162672	5.3521214	22.113659	23.037176	23.242443	22.684015	0.0	23.545444	16.216072	2.2776353	18.865053	13.918324	19.714113	6.6233253	5.136403	7.457318	0.0	21.207449	5.506823	13.024774	19.710691	16.247622	0.0	10.813198	13.050725	3.9373612	5.9309244	26.989899	21.769054	18.496136	0.0	0.6603805	26.324661	0.0	7.5254483	1.9650159	1.7954789	1.4012518	10.39767	0.0	27.424656	1.8695785	22.13152	27.803667	25.158382	26.988567	25.712502	23.953545	23.205824	26.009113	26.128052	22.33131	0.0	11.693616	5.6141057	7.8936453	9.05493	8.624236	14.088459	6.800105	15.903985	8.859843	1.5980955	0.82310474	1.7611187
24.234077	26.917065	27.913952	24.167767	16.21462	15.977238	1.501265	22.856955	12.995103	9.164997	5.354608	22.099669	23.249022	23.294758	22.707731	0.0	23.45299	16.049587	2.5009274	18.967102	13.97168	20.15667	6.760199	5.1249685	7.59414	0.0	21.176619	5.3720665	13.054103	19.62393	16.060354	0.0	11.143997	13.152359	3.9124217	6.0340905	27.130234	21.817518	18.546503	0.0	0.6597097	26.12164	0.0	7.527483	1.9562277	1.8222457	1.4414226	10.540589	0.0	27.595161	1.7764006	22.0911	27.898865	25.182665	26.978165	25.849487	24.0391	23.535765	25.90002	26.152971	22.34883	0.0	11.697888	5.6472588	7.932314	9.132382	8.670569	14.078665	6.6974134	16.285242	9.090732	1.57364	0.828445	1.581183
24.197853	27.034147	27.925867	24.076242	15.993833	15.82211	1.4759926	22.848656	13.012353	9.178375	5.3334537	22.137442	23.072641	23.313015	22.665564	0.0	23.569582	16.218164	2.1891873	18.702906	13.979262	20.349644	6.670899	5.1441936	7.558239	0.0	20.94748	5.3788257	13.1715975	19.530306	16.282576	0.0	11.047248	13.094219	3.9570966	6.0177865	26.81988	21.875248	18.514164	0.0	0.65858126	26.069513	0.0	7.523962	1.8998204	1.9082824	1.436146	10.439403	0.0	27.183071	1.8160594	22.17094	27.906757	25.315002	26.946175	25.74892	24.043526	23.285923	25.907743	26.17558	22.37592	0.0	11.605599	5.5896096	7.9274545	9.085775	8.674801	14.096288	6.6353765	15.966358	9.257034	1.5767406	0.82136023	1.7396944
24.241558	27.090403	27.99356	23.817722	16.213808	15.736299	1.4695028	22.570261	13.040728	9.18699	5.481103	22.265427	23.25372	23.392862	22.651386	0.0	23.346966	16.134296	2.0572906	18.375208	13.8885765	20.26264	6.663971	5.08918	7.516142	0.0	20.950901	5.482712	13.101443	19.554365	16.222963	0.0	10.872012	13.085813	3.93428	5.913539	27.13974	21.770052	18.569485	0.0	0.6658835	26.001259	0.0	7.493817	1.8463155	1.7438484	1.4221431	10.443334	0.0	27.58043	1.8909484	22.073338	27.923338	25.068047	26.814981	25.680735	23.811882	23.159357	26.137564	26.162025	22.307617	0.0	11.647243	5.607662	8.011664	8.976551	8.69546	13.976312	6.5552807	16.040894	9.203116	1.5745335	0.81983817	1.8493536
24.294558	27.200981	27.973085	24.16448	15.991996	15.837864	1.4913448	22.769033	12.963759	9.114054	5.2050757	22.128029	23.283049	23.389965	22.692648	0.0	23.344398	16.283726	2.2418945	18.764442	13.969869	20.331528	6.76705	5.1710963	7.575538	0.0	21.015554	5.3696523	13.071312	19.550756	16.180763	0.0	11.094328	13.10748	3.9264219	5.9063787	26.770538	21.785448	18.628164	0.0	0.6587757	26.128933	0.0	7.4551206	1.9629056	1.7516972	1.4172231	10.44871	0.0	27.502314	1.753281	22.077528	28.07239	25.536167	26.907202	25.726164	24.270573	23.436888	25.845001	26.300333	22.386524	0.0	11.730574	5.666588	8.051048	9.109482	8.737246	14.001057	6.6760507	16.458977	9.007092	1.5331136	0.82925045	1.8444291
24.28377	27.089151	27.899677	24.284931	16.081745	15.936909	1.4576136	22.787333	13.039042	9.216973	5.3835487	22.243914	23.132883	23.266794	22.78835	0.0	23.427902	16.514967	2.1760206	18.831747	14.076409	20.134531	6.709271	5.249378	7.6107936	0.0	20.954021	5.4111133	13.078501	19.69956	16.271137	0.0	11.108798	13.219819	3.9828866	5.9833007	27.243845	21.841984	18.624697	0.0	0.66292936	26.307804	0.0	7.5842133	1.9579637	1.8252571	1.4193217	10.544523	0.0	27.461731	1.8721324	22.272764	28.104399	25.26425	27.049118	25.642063	24.151686	23.303648	25.99229	26.420221	22.492315	0.0	11.677265	5.5903797	7.892754	9.001035	8.630531	13.98194	6.6796274	16.544098	9.251511	1.6044563	0.83773416	1.7751211
24.157177	27.124567	27.736292	24.199463	16.132893	16.024088	1.4924196	22.78791	12.9515705	9.180356	5.3371134	22.237402	22.998707	23.352068	22.813015	0.0	23.360666	16.350998	2.220248	18.768831	13.8990135	20.305975	6.7032027	5.152808	7.551067	0.0	21.019085	5.3755274	13.189687	19.689524	16.172619	0.0	10.999045	13.172891	3.982914	5.987029	27.120663	21.886362	18.609053	0.0	0.6597389	26.481596	0.0	7.5485454	1.9621887	1.9697024	1.4210854	10.486989	0.0	27.54473	1.7763175	22.19753	28.108923	25.302513	27.161201	25.853636	24.201595	23.326868	26.191122	26.394344	22.506346	0.0	11.766917	5.646211	7.958341	9.046646	8.665579	14.074548	6.7370715	16.219753	9.14445	1.6347694	0.83344847	1.7191063
24.23248	27.172535	27.88864	24.295528	16.08485	15.89399	1.5247388	22.894407	12.992867	9.23496	5.2819233	22.249605	23.15888	23.186647	22.790468	0.0	23.44918	16.201275	2.4404652	18.716648	13.930996	19.843048	6.6255493	5.1397777	7.470984	0.0	20.985773	5.4287305	13.258134	19.648062	16.127499	0.0	10.798676	13.09379	3.9016309	5.919016	27.24186	21.923872	18.624886	0.0	0.655355	25.765524	0.0	7.5331674	2.0273528	1.8685815	1.405808	10.474864	0.0	27.469927	1.7568057	22.185905	28.055967	25.406027	26.998083	25.787035	24.306555	23.364342	25.963608	26.400957	22.419756	0.0	11.667861	5.6320667	7.910519	9.086637	8.735531	13.993699	6.6409993	16.145512	9.330237	1.6135802	0.8275128	1.775936
24.293858	27.098639	27.95424	24.187746	16.300898	15.722631	1.509185	22.919985	13.029509	9.217618	5.271723	22.323853	23.283163	23.21015	22.672615	0.0	23.397682	16.309086	2.3547215	18.668295	13.92469	19.847286	6.6465673	5.167556	7.5033736	0.0	21.15426	5.474022	13.125817	19.699858	16.295677	0.0	10.919346	13.112736	3.9530263	5.997288	26.8163	21.854767	18.602201	0.0	0.6588271	26.376326	0.0	7.53133	1.9596759	1.796495	1.395113	10.404435	0.0	27.424467	1.884524	22.207106	28.064676	25.43704	27.120373	25.812527	24.225237	23.476698	25.986813	26.300192	22.382282	0.0	11.745485	5.593674	7.8755736	9.041625	8.742575	13.792992	6.716092	16.26228	9.096002	1.5198646	0.82194704	1.637851
24.09933	27.24321	27.866745	24.047373	16.16356	15.872621	1.5060068	23.112875	13.03699	9.2228775	5.344167	22.20284	23.258944	23.29443	22.769497	0.0	23.477978	16.163929	2.2806933	18.87017	13.855475	20.101091	6.7095566	5.158384	7.5515943	0.0	21.085543	5.469409	13.188619	19.642944	16.153873	0.0	10.920301	13.155945	3.9409082	5.9907746	27.037863	21.894249	18.563929	0.0	0.6530562	26.091478	0.0	7.5981116	2.0237987	1.7025715	1.3919239	10.579312	0.0	27.347492	1.7972517	22.187555	28.085747	25.346886	27.162642	25.863419	24.137775	23.266363	25.944984	26.25026	22.475567	0.0	11.799785	5.6412654	7.940563	9.0883465	8.652286	13.961574	6.7990127	16.270004	9.037356	1.554205	0.8244018	1.6973588
24.188553	27.158716	27.823507	23.876348	16.351091	16.04488	1.4904773	22.906961	13.034122	9.209861	5.4457226	22.344748	23.201729	23.440685	22.787828	0.0	23.484966	16.14383	2.127554	19.037914	14.043692	19.842848	6.665692	5.0845575	7.5313926	0.0	20.882881	5.3911	13.154168	19.64428	16.16312	0.0	10.962755	13.106545	3.926787	5.914067	27.29472	21.88413	18.54137	0.0	0.6613635	26.184174	0.0	7.583325	1.932838	1.8500787	1.4135865	10.498297	0.0	27.510242	1.7661145	22.073856	27.99648	25.327589	27.14258	25.713884	23.909348	23.303244	26.019718	26.240257	22.520864	0.0	11.769997	5.6655483	7.905555	9.030865	8.620929	14.18011	6.7454715	16.306581	9.023635	1.5830445	0.8313369	1.8585831
24.186613	26.877478	27.635397	24.060017	16.619322	15.94398	1.4875753	22.68415	12.939181	9.149147	5.1696315	22.10977	23.096281	23.257805	22.769726	0.0	23.471601	16.145401	2.311685	18.863836	14.115382	20.062086	6.6388316	5.056871	7.453014	0.0	21.012213	5.4571075	12.964703	19.641754	16.240217	0.0	11.32629	13.203808	3.923466	5.8968253	27.047195	21.878546	18.467434	0.0	0.67490554	26.171926	0.0	7.5323	1.9489706	1.910673	1.4226909	10.433854	0.0	27.56278	1.9953696	22.091673	28.06642	25.340475	27.100903	25.794216	24.101034	23.393526	25.96456	26.300486	22.449291	0.0	11.640907	5.649761	7.9078135	9.078734	8.626063	14.022398	6.5988474	16.328867	8.887824	1.5276108	0.8343377	1.6284041
23.920927	26.779234	27.788013	24.24368	16.135647	15.94614	1.4949132	22.694807	12.977013	9.183044	5.3047023	22.093243	23.174393	23.241539	22.734127	0.0	23.472149	16.195099	2.2437136	18.771832	14.023375	20.01688	6.626995	5.12218	7.542049	0.0	21.005482	5.4248147	13.224075	19.543358	16.245363	0.0	10.828993	13.166784	3.9555137	6.0132437	27.151972	21.864977	18.544003	0.0	0.656826	26.253168	0.0	7.520149	1.8395739	1.7557245	1.3910327	10.434711	0.0	27.397966	1.7904869	22.148216	28.04512	25.358944	27.098564	25.710558	24.117558	23.443441	25.914255	26.2042	22.472233	0.0	11.750654	5.6218095	7.9619884	9.068738	8.620449	13.844504	6.593037	16.198008	8.873099	1.5405889	0.83434993	1.7363783
24.042034	27.0114	27.850563	24.147943	16.348911	15.994384	1.5067829	22.747356	12.961436	9.1431675	5.3028708	22.167873	23.142658	23.32009	22.727777	0.0	23.29677	16.214325	2.2240188	18.580294	14.027728	19.75168	6.6572385	5.1512303	7.474332	0.0	21.081285	5.528751	13.127245	19.652794	16.35832	0.0	11.178195	13.150882	3.9581532	5.7525287	26.940462	21.959885	18.517456	0.0	0.6570156	26.097548	0.0	7.5083165	1.9652187	1.79586	1.4085834	10.384683	0.0	27.444601	1.68546	22.31156	28.116734	25.326357	27.141815	25.721731	24.125309	23.21835	25.851484	26.334078	22.40074	0.0	11.721783	5.6689963	8.02879	9.1342535	8.69497	14.032925	6.5964904	16.419052	9.301756	1.5558649	0.83517224	1.7104565
24.112608	26.854774	27.663008	23.992872	16.172523	15.870818	1.4881387	22.772255	12.906998	9.086834	5.13815	22.212145	23.329895	23.634178	22.789156	0.0	23.359884	16.329876	2.2720249	18.829699	14.027985	19.606752	6.6701484	5.214814	7.518187	0.0	20.998436	5.4623656	13.127511	19.784122	16.267149	0.0	10.892916	13.1591835	3.9442337	5.920419	27.07416	21.883455	18.513525	0.0	0.65848124	26.22922	0.0	7.5077605	1.9145558	1.8770242	1.4099866	10.447643	0.0	27.630447	1.7940261	22.291613	28.148928	25.633408	27.151667	25.72853	24.347029	23.418043	25.949047	26.353924	22.544222	0.0	11.69239	5.6729136	8.0764265	9.115466	8.690705	14.04202	6.6599174	16.193993	8.945054	1.6233063	0.84226143	1.7260193
24.300165	26.990421	28.07368	24.231209	16.342527	15.947639	1.5024724	22.823278	13.063517	9.219887	5.2349977	22.159212	23.347368	23.417336	22.82973	0.0	23.543896	16.387432	2.3094916	18.98008	14.0945015	20.563934	6.706142	5.089906	7.5717134	0.0	21.026237	5.5123343	13.14357	19.75036	16.339767	0.0	10.937267	13.240272	3.9451735	6.0574265	27.239597	21.890657	18.682775	0.0	0.6648273	26.310848	0.0	7.556663	2.1292098	1.8628345	1.4014912	10.421129	0.0	27.213526	1.8582314	22.325209	28.15697	25.51611	27.124514	25.768566	24.336115	23.636864	26.122974	26.286512	22.523394	0.0	11.76772	5.581638	8.047735	8.981987	8.632721	13.9213085	6.7035584	16.232853	8.822856	1.5664111	0.83758235	1.7164465
24.333967	27.190695	28.197084	24.393307	16.228895	16.183693	1.5042198	22.95804	13.006028	9.268912	5.1714	22.197218	23.193647	23.476595	22.826077	0.0	23.45895	16.324419	2.3483524	18.995369	14.060361	20.3663	6.6941934	5.1778584	7.519447	0.0	21.218752	5.447696	13.142027	19.691517	16.35576	0.0	11.037461	13.1251745	3.9648347	6.12568	26.95911	21.894833	18.649206	0.0	0.6630582	26.345663	0.0	7.588226	1.937433	1.7743218	1.4422745	10.512324	0.0	27.40007	1.838619	22.185038	28.09026	25.50165	27.152758	25.77914	24.20002	23.54209	26.116783	26.342148	22.550804	0.0	11.880909	5.623643	7.9401526	9.03718	8.659832	14.0822525	6.7385263	16.04792	9.179454	1.5481074	0.8350993	1.6535525
24.436453	27.17927	28.101696	24.37651	16.218912	16.08235	1.5035493	22.973774	13.091039	9.37625	5.151532	22.213396	23.359394	23.351759	22.762627	0.0	23.444004	16.291534	2.3449693	18.712433	14.0007305	19.880707	6.665711	5.152814	7.5889506	0.0	21.136902	5.535721	13.136257	19.566156	16.16844	0.0	10.897466	13.188456	3.9236016	6.1135216	27.069223	21.915356	18.62882	0.0	0.6622675	26.18729	0.0	7.558515	1.9535469	1.8188655	1.4605725	10.52534	0.0	27.463549	1.8506953	22.04782	28.08606	25.391893	27.107338	25.666412	23.927628	23.30286	26.050581	26.24516	22.569817	0.0	11.895859	5.6350765	8.027425	9.136633	8.67136	13.994895	6.648247	16.097967	8.964468	1.567549	0.83425283	1.5860225
24.32539	27.08635	27.995424	24.15613	16.29252	16.11707	1.4954747	22.910372	13.078575	9.262011	5.3183446	22.208233	23.058443	23.402414	22.801004	0.0	23.382927	16.401575	2.3172493	18.563576	14.126793	20.125578	6.6485844	5.1566453	7.546715	0.0	20.8238	5.4015093	13.13518	19.70584	16.172995	0.0	11.030579	13.1601305	3.9577358	6.0167747	27.107706	21.773474	18.603067	0.0	0.66747737	26.132805	0.0	7.5194354	2.004861	1.7318239	1.3972756	10.452301	0.0	27.504383	1.8029262	22.121677	28.022633	25.328789	27.053091	25.552917	23.89204	23.669897	26.074238	26.282976	22.418879	0.0	11.720018	5.582135	7.937191	9.1139345	8.614269	14.062052	6.649486	16.256197	9.108806	1.5823197	0.84026295	1.6787467
24.399805	27.25196	27.851797	24.168842	16.49406	15.97626	1.4932412	23.04465	12.928395	9.267624	5.4525375	22.167986	23.258682	23.345531	22.814503	0.0	23.43362	16.268856	2.4355097	18.749207	14.063794	20.82156	6.703108	5.1339617	7.5380225	0.0	21.075418	5.4576683	13.221795	19.585915	16.23306	0.0	10.946079	13.076066	3.9140606	6.092085	27.162853	21.749071	18.519104	0.0	0.66776234	26.273996	0.0	7.5378895	2.0082457	1.8868909	1.4025098	10.492493	0.0	27.365854	1.9911563	22.16026	28.058544	25.625042	27.152649	25.757168	24.173883	23.832008	26.161766	26.277061	22.42667	0.0	11.788492	5.5665574	7.9559665	8.973978	8.679791	14.006365	6.7106624	16.292595	9.101159	1.5723897	0.8249998	1.8697249
24.435125	27.049118	28.060911	24.028465	16.311472	15.835557	1.510875	22.743645	12.989004	9.286604	5.4227085	22.16939	23.17368	23.069267	22.80457	0.0	23.542322	16.109283	2.351688	18.806273	14.019009	19.42688	6.6415133	5.142834	7.5053005	0.0	21.054905	5.4871063	13.171273	19.628391	16.214483	0.0	10.822426	13.062368	3.9292207	6.0768447	27.017881	21.76422	18.52021	0.0	0.6575895	26.138432	0.0	7.520423	1.9413224	1.8030052	1.3968657	10.551124	0.0	27.847416	1.7639527	22.156548	28.016554	25.554422	26.997538	25.69332	24.204714	23.453466	26.08151	26.29057	22.384848	0.0	11.6795	5.6145916	8.069669	8.910782	8.691245	13.858866	6.7090826	16.145859	8.791849	1.5765729	0.83040655	1.9315882
24.392546	27.353247	27.976635	24.300985	16.214054	15.877636	1.5018559	22.918467	13.075509	9.246973	5.408951	22.31306	23.380823	23.541111	22.84191	0.0	23.50908	16.222458	2.2835073	18.809399	14.093807	20.078259	6.729406	5.173851	7.537573	0.0	20.996195	5.432775	13.186136	19.735096	16.172428	0.0	11.137314	13.151044	3.9744914	6.079459	27.019516	21.77537	18.5291	0.0	0.66681194	26.369143	0.0	7.5447125	2.0407891	1.887085	1.4026402	10.576591	0.0	27.505371	1.8942213	22.233831	28.038763	25.439	27.13752	25.715595	24.352022	23.608496	26.155117	26.27145	22.466286	0.0	11.700102	5.5958996	8.013683	9.037488	8.680714	13.926362	6.7649603	16.354958	9.021672	1.6071179	0.837922	1.8417758
24.284685	27.260567	27.9107	24.037514	16.12397	16.092201	1.493122	23.056503	13.085053	9.238711	5.280836	22.291538	23.249517	23.300259	22.756723	0.0	23.488308	16.17477	2.3051066	18.73801	13.988564	20.62939	6.763442	5.1599584	7.5757194	0.0	21.001215	5.4176655	13.201382	19.595999	16.2108	0.0	11.043294	13.224872	3.925784	6.004722	26.749577	21.821592	18.617737	0.0	0.658561	26.481308	0.0	7.5222526	2.0046756	1.8846624	1.3876966	10.393666	0.0	27.281975	1.7084908	22.055502	27.962444	25.478655	27.287481	25.676136	24.050087	23.853537	25.858374	26.251331	22.449642	0.0	11.644077	5.6445084	8.01608	9.137726	8.682509	13.945644	6.654434	16.309427	8.783457	1.5517703	0.82784885	1.7048908
24.43249	27.080128	27.91346	24.16633	16.284754	16.016108	1.4871738	22.783611	13.101963	9.229872	5.29416	22.337706	23.216408	23.328909	22.830637	0.0	23.58364	16.223942	2.2084544	18.869162	13.924714	20.377892	6.7592716	5.175578	7.509696	0.0	21.026268	5.403184	13.188836	19.540606	16.26431	0.0	10.77545	13.209489	3.9214318	6.0805974	26.759481	21.829433	18.59216	0.0	0.6595902	26.256807	0.0	7.519853	2.059747	1.8256205	1.4209888	10.444846	0.0	27.41398	1.8621308	22.18158	28.127972	25.451601	27.259157	25.851416	24.102545	23.596891	25.939043	26.26951	22.46343	0.0	11.883442	5.6183	7.9402046	9.079201	8.674303	13.833254	6.6691976	16.438707	8.786147	1.543277	0.83001554	1.6531148
24.433628	27.09448	28.154451	24.19943	16.154488	15.740934	1.4986737	22.71662	13.125351	9.299888	5.3802943	22.164892	23.024567	23.48771	22.81347	0.0	23.452196	16.103815	2.2664962	18.681976	14.139722	19.755976	6.6506968	5.157918	7.548793	0.0	20.949146	5.5015283	13.178545	19.579563	16.2613	0.0	10.905359	13.144245	3.894063	6.0570793	26.874401	21.877502	18.624464	0.0	0.6661768	26.07359	0.0	7.566741	1.9962667	1.7966834	1.4089376	10.469728	0.0	27.73135	1.8498596	22.18623	28.015938	25.529589	27.047255	25.763397	24.220621	23.653091	26.087778	26.261	22.509	0.0	11.818187	5.622536	7.9643354	9.01917	8.61569	13.758517	6.565591	16.25578	9.07277	1.5506961	0.8255713	1.6288129
24.415531	27.034575	28.18998	24.169662	16.08368	15.955307	1.510486	22.64981	13.003169	9.303961	5.2819033	22.215015	23.167572	23.396715	22.76112	0.0	23.475779	16.12405	2.1779501	18.759182	14.132068	20.047077	6.665505	5.211372	7.475402	0.0	20.992203	5.4755855	13.135302	19.712076	16.272356	0.0	11.028672	13.105116	3.9183145	6.0055823	27.03731	21.921024	18.560427	0.0	0.66694236	26.071146	0.0	7.5586863	1.9517137	1.6985403	1.406377	10.533634	0.0	27.639006	1.8252764	22.20612	28.038542	25.36273	26.949856	25.771894	24.050873	23.57343	25.998285	26.334562	22.437674	0.0	11.7974415	5.6683364	7.9397397	9.085829	8.632167	14.041001	6.6775885	16.26002	9.086688	1.5804552	0.82971716	1.8018715
24.281126	27.219616	27.836843	24.227428	16.48511	15.852105	1.4838711	22.810703	12.9950075	9.211933	5.2669616	22.221367	23.231054	23.255026	22.786762	0.0	23.481382	16.319946	2.3056667	18.93925	14.009936	20.077229	6.6895876	5.17182	7.5358443	0.0	20.860167	5.55731	13.177207	19.713036	16.27127	0.0	10.912895	13.200394	3.9527175	5.9377713	26.806568	21.79149	18.527102	0.0	0.6625072	26.030823	0.0	7.4905386	2.023045	1.8636345	1.4066765	10.440873	0.0	27.539705	1.9880875	22.217764	27.888134	25.29367	26.990917	25.746313	24.143412	23.456861	26.066196	26.224833	22.437187	0.0	11.797293	5.625419	7.948581	8.956406	8.649576	13.693393	6.520083	16.471622	8.767394	1.5939214	0.8358393	1.8025302
24.192102	27.381016	27.775625	24.347588	16.187414	15.906948	1.4814337	22.789505	12.914818	9.197759	5.429888	22.0883	23.17953	23.24478	22.810658	0.0	23.355478	16.240944	2.3089437	18.99802	13.939016	19.944668	6.673788	5.156711	7.524594	0.0	21.130352	5.3554378	13.107294	19.617704	16.23381	0.0	11.002933	13.225653	3.8989253	5.986147	27.198479	21.764679	18.477743	0.0	0.65101475	26.089876	0.0	7.5681596	1.9484997	1.89014	1.4149212	10.540422	0.0	27.380346	1.8663787	22.159452	28.033945	25.285791	27.160797	25.822807	24.0863	23.610495	25.96524	26.258995	22.466898	0.0	11.743496	5.6051626	7.9904323	9.032506	8.621552	13.826595	6.6691866	16.497824	8.951302	1.5891719	0.83350635	1.7181131
24.346233	26.80114	27.81265	23.955545	16.137808	15.911856	1.5160874	22.92265	12.950894	9.234999	5.3371425	22.001076	23.199228	23.08923	22.739077	0.0	23.520657	16.283272	2.2289476	18.826736	14.066668	20.053934	6.6259923	5.1491494	7.6190977	0.0	20.928944	5.4616723	13.094385	19.62801	16.197308	0.0	10.869813	13.143907	3.9238646	6.2301035	26.917513	21.818727	18.438824	0.0	0.65801024	26.195778	0.0	7.610007	1.9899539	1.8770087	1.4242815	10.430539	0.0	27.393953	1.8914169	22.117523	27.985376	25.354158	27.06596	25.807573	24.048445	23.775257	25.972734	26.277159	22.429892	0.0	11.6167555	5.5968404	7.9656067	8.994243	8.611554	13.876772	6.6384096	16.391455	9.051902	1.5789174	0.8269956	1.82837
24.157925	27.153282	27.857973	24.061071	16.367014	15.809061	1.492891	22.560482	12.900238	9.182599	5.3638496	22.064371	23.113432	23.257275	22.713718	0.0	23.23047	16.302143	2.3468533	18.805374	13.90126	19.889194	6.648577	5.1547165	7.555654	0.0	21.08464	5.4128532	13.085382	19.608334	16.163921	0.0	10.980443	13.16828	3.9368665	6.048346	27.063904	21.810545	18.597198	0.0	0.66420346	25.992607	0.0	7.5373507	1.9598655	1.8414956	1.4221381	10.523287	0.0	27.585955	1.8598396	22.110453	27.92768	25.331549	26.875023	25.671753	24.161613	23.33628	25.933872	26.166264	22.33702	0.0	11.716659	5.642475	7.9463906	9.032065	8.700483	14.1061125	6.6478724	16.387278	9.109846	1.571587	0.83323604	1.9160279
24.140348	27.025835	27.779308	23.847464	16.117472	16.007774	1.508298	22.837248	13.060943	9.177504	5.4218507	22.130632	23.200647	23.1639	22.748425	0.0	23.407204	16.362854	2.279419	18.787928	14.072074	20.677273	6.7256465	5.1477847	7.5078645	0.0	20.949526	5.5023065	13.150836	19.548262	16.193592	0.0	10.76507	13.108862	3.9684434	5.904454	26.980522	21.718285	18.516348	0.0	0.6555062	26.219429	0.0	7.514546	2.0373342	1.8794341	1.4004647	10.53655	0.0	27.647583	1.9262956	22.082579	27.966457	25.262793	27.014496	25.618456	23.96277	23.760967	26.096823	26.184631	22.32731	0.0	11.761018	5.6300364	7.908349	9.021299	8.628346	14.173776	6.655419	16.319153	9.093905	1.582541	0.8322715	1.8939496
24.366287	27.026918	27.892008	24.249075	16.476042	15.735009	1.498308	22.689339	13.0079775	9.127442	5.198369	22.148712	23.27716	23.340998	22.772455	0.0	23.521524	16.25594	2.2217493	18.795244	14.179482	20.12304	6.667509	5.1668873	7.5290895	0.0	20.899765	5.613575	12.97508	19.566628	16.284208	0.0	10.660773	13.093896	3.9693959	6.051526	27.192732	21.825802	18.526293	0.0	0.66529983	26.526022	0.0	7.5490365	2.2022426	1.8650262	1.3984318	10.441025	0.0	27.47477	1.8551908	22.183077	28.009514	25.251415	27.145863	25.7493	24.0407	23.380564	26.278608	26.253036	22.402615	0.0	11.719663	5.628465	7.9423895	8.965958	8.684063	14.002129	6.6182137	16.315496	9.036525	1.5908121	0.8288072	1.7534229
24.200933	26.840633	27.685032	24.018728	16.041918	15.946266	1.4889238	22.73208	12.917179	9.225263	5.354829	21.984076	23.059542	23.267763	22.80887	0.0	23.301548	16.210663	2.2339823	19.057112	13.974498	20.326372	6.641248	5.1688375	7.5581346	0.0	20.880583	5.490186	13.030619	19.707197	16.307842	0.0	10.720028	13.071971	3.9561682	6.1552367	27.08954	21.826866	18.479166	0.0	0.65598154	26.097254	0.0	7.5501976	1.8418465	1.8102347	1.4147031	10.438655	0.0	27.571487	1.909142	22.144716	27.965927	25.20474	27.018545	25.723545	24.094759	23.24057	26.05301	26.24138	22.324596	0.0	11.627976	5.645802	7.841646	9.089453	8.615869	14.019118	6.5680623	16.24444	9.131965	1.6225362	0.8312993	1.7557335
24.341534	26.675512	27.919085	24.032125	16.179699	16.166933	1.5139595	22.745878	13.006342	9.155923	5.321602	22.235554	23.079004	23.242895	22.812521	0.0	23.410881	16.179777	2.2382684	19.037989	13.984629	20.422598	6.6913195	5.1506133	7.5040226	0.0	20.88642	5.2841525	13.002952	19.534742	16.205633	0.0	11.006636	13.167641	3.9137578	6.121992	26.838776	21.794577	18.505758	0.0	0.6564158	25.910198	0.0	7.572083	2.0461595	1.8985561	1.3992985	10.483055	0.0	27.316708	1.911468	22.137665	28.005896	25.108221	26.891945	25.688354	23.920364	23.453138	25.9954	26.260412	22.552605	0.0	11.658881	5.6075077	7.945899	9.042643	8.640266	13.931634	6.5685945	16.388298	9.13597	1.61221	0.8322656	1.7184497
24.308176	27.18517	28.060085	24.129383	16.235052	16.052563	1.5002826	22.734003	12.902506	9.153914	5.381508	21.896029	23.177702	23.284245	22.782743	0.0	23.518642	16.166403	2.0775845	18.970634	13.8841915	20.212875	6.7117095	5.0996284	7.619212	0.0	20.914303	5.5172806	12.9802685	19.700949	16.24352	0.0	11.138263	13.159976	3.8895123	6.0453377	26.644648	21.79309	18.545776	0.0	0.66180474	26.179836	0.0	7.549625	2.04342	1.8423252	1.4118891	10.39969	0.0	27.263912	1.8410602	22.212002	27.98963	25.12182	26.993105	25.699871	24.166508	23.347874	25.819536	26.190603	22.521973	0.0	11.652801	5.6294494	7.9406457	9.104465	8.619903	13.879538	6.5888762	16.17428	8.896874	1.5425494	0.83930534	1.5989461
24.462656	27.142675	28.175817	24.138632	16.472517	16.031221	1.4862262	22.837532	13.016725	9.326844	5.135749	22.01466	23.06094	23.378614	22.88726	0.0	23.678507	16.307222	2.1385064	18.985542	14.087508	20.331491	6.7715826	5.141707	7.5590844	0.0	20.915298	5.394699	13.137828	19.714695	16.210924	0.0	11.091841	13.196523	3.9422858	6.0408626	27.159979	21.806488	18.52187	0.0	0.66793597	26.052647	0.0	7.58696	2.0153308	1.7465365	1.4188178	10.450554	0.0	27.591593	1.9433482	22.180887	28.025341	25.212715	26.956429	25.701994	24.139555	23.393343	26.144691	26.335001	22.514387	0.0	11.675668	5.625152	8.016441	9.08074	8.687642	13.890599	6.6541843	16.22635	9.085781	1.5394422	0.8327042	1.8651189
24.199968	27.131868	27.926561	24.336084	16.092072	16.037262	1.4954206	22.887737	12.970304	9.216426	5.3327665	22.022121	23.153011	23.130508	22.843454	0.0	23.66385	16.255434	2.1601455	18.935528	14.218399	19.989336	6.6810226	5.1522336	7.496363	0.0	20.923424	5.465425	13.03892	19.818296	16.346197	0.0	11.070628	13.191472	3.9636748	6.070745	27.158127	21.849783	18.551346	0.0	0.66279286	26.134068	0.0	7.589131	1.9846169	1.7852243	1.4215895	10.498078	0.0	27.281502	1.85008	22.194334	28.065922	25.375706	27.057356	25.672	24.142181	23.423964	26.119762	26.352692	22.501415	0.0	11.685478	5.5970397	7.907363	9.018281	8.68185	13.9910755	6.6948256	16.451017	9.084035	1.6021304	0.83723193	1.7850727
24.318005	27.035927	28.069006	24.084	16.203716	15.918086	1.4998949	22.728685	12.9649315	9.20517	5.4932313	22.05707	23.077538	23.235497	22.802715	0.0	23.587132	16.150715	2.294748	18.800104	14.026264	20.705423	6.7044697	5.2500052	7.574075	0.0	21.008266	5.4579196	13.081436	19.68287	16.059399	0.0	10.692627	13.109572	3.9661524	6.0246735	27.141687	21.782604	18.477448	0.0	0.6600542	26.279718	0.0	7.5156302	1.9763476	1.7742876	1.4293343	10.51094	0.0	27.338678	1.9906247	22.036589	27.943626	25.040789	27.004444	25.557537	24.06574	23.338573	25.884644	26.361263	22.377483	0.0	11.6572695	5.5869246	7.9076557	9.019886	8.575934	14.082429	6.7981725	16.270508	9.112964	1.6059991	0.8270654	1.6616879
24.18032	26.98938	27.909891	23.916334	16.040377	15.89565	1.4724085	22.641743	12.952601	9.180257	5.421436	22.05252	23.18639	23.213926	22.72427	0.0	23.287638	16.153673	2.331259	18.376175	14.040669	19.793457	6.6760726	5.068112	7.5415063	0.0	20.937761	5.5510025	13.100982	19.487627	16.137983	0.0	10.9593525	13.11034	3.9139607	6.00511	26.791714	21.748438	18.458544	0.0	0.6484569	26.091618	0.0	7.5990634	2.0853243	1.7435429	1.4172868	10.525094	0.0	27.505478	1.9056574	22.122248	27.932224	24.990444	27.000746	25.542284	24.032011	23.181969	25.777596	26.339739	22.388569	0.0	11.683045	5.595129	7.855276	9.022705	8.588271	14.004337	6.714194	16.274118	9.0848875	1.5712838	0.8201877	1.8347926
24.151552	27.004068	27.868553	24.087446	16.338781	15.83465	1.4541314	22.462917	12.892098	9.169573	5.3689175	21.960552	23.16683	23.2708	22.748894	0.0	23.38846	16.12424	2.3989923	18.58597	13.832095	19.813328	6.6597123	5.159987	7.477049	0.0	20.769281	5.4119325	13.13537	19.634861	16.235233	0.0	10.8712	13.10234	3.910148	6.021093	27.1443	21.732937	18.537155	0.0	0.655307	26.304922	0.0	7.450173	2.1176515	1.8185868	1.411373	10.454352	0.0	27.399548	1.879367	22.067469	27.962023	25.22285	27.008558	25.802916	23.979784	23.149195	25.997965	26.182396	22.470053	0.0	11.748561	5.5806046	7.932961	9.0088215	8.583183	13.958196	6.5524883	16.06916	8.910581	1.593665	0.82728153	1.7316668
24.1394	26.958958	27.704994	23.740805	16.12565	15.670572	1.4759067	22.608076	12.904765	9.1456785	5.349019	21.90855	23.10059	23.186842	22.704357	0.0	23.308237	16.00842	2.2730148	18.488123	13.96727	19.763386	6.5615444	5.2038093	7.502731	0.0	20.720682	5.357177	13.085666	19.50485	16.152828	0.0	10.634359	13.083556	3.9273977	5.939008	27.085499	21.656433	18.315073	0.0	0.65692735	26.019255	0.0	7.540062	1.9917395	1.7118753	1.3992487	10.41117	0.0	27.271353	1.9611636	22.05689	27.87018	25.26273	26.945272	25.635786	23.915268	23.293823	25.952385	26.195463	22.342993	0.0	11.666097	5.5909595	7.9163365	8.984206	8.53875	13.739169	6.5296984	16.09131	8.892558	1.5500232	0.821641	1.7436157
24.098064	26.926577	27.791668	24.02844	16.130743	15.769779	1.4726883	22.630884	12.998407	9.181884	5.272254	22.154	23.145256	23.122925	22.769693	0.0	23.441847	16.222082	2.1460145	18.737402	14.107066	20.15278	6.6208096	5.0650444	7.537465	0.0	20.80553	5.436088	13.169324	19.648148	16.116707	0.0	10.9982395	13.169328	3.9807062	6.2267494	27.241205	21.712105	18.312876	0.0	0.6609122	26.181608	0.0	7.5682516	1.9331979	1.7018692	1.3991528	10.492751	0.0	27.11488	1.7864465	22.061344	27.870234	25.172611	26.931196	25.559254	24.099577	23.614178	26.055346	26.253819	22.392447	0.0	11.691526	5.5809507	7.855292	9.037379	8.604438	13.865685	6.5950236	16.423426	9.014276	1.4959666	0.82384866	1.9128944
